{"threshold": 0.5500000000000004, "val_f1": 0.7999999942499999}